{
    "r2": ["Auburn", "Louisville", "Michigan", "Texas_A&M", "Ole_Miss", "Iowa_State", "New_Mexico", "Michigan_State",
            "Florida", "Connecticut", "Memphis", "Maryland", "Missouri", "Texas_Tech", "Arkansas", "St._John's",
            "Duke", "Baylor", "Oregon", "Arizona", "BYU", "Wisconsin", "Vanderbilt", "Alabama",
            "Houston", "Gonzaga", "Clemson", "Purdue", "Illinois", "Kentucky", "UCLA", "Tennessee"
            ],
    "sixteen": ["Auburn", "Michigan", "Iowa_State", "Michigan_State",
                "Florida", "Maryland", "Texas_Tech", "St._John's",
                "Duke", "Arizona", "BYU", "Alabama",
                "Houston", "Clemson", "Kentucky", "Tennessee"],
    "eight": ["Auburn", "Michigan_State", "Florida", "St._John's", "Duke", "Alabama", "Houston", "Tennessee"],
    "four": ["Michigan_State", "Florida", "Duke", "Tennessee"],
    "championship": ["Florida", "Duke"],
    "winner": ["Florida"]
}