{
    "r2": ["Auburn", "Louisville", "Michigan", "Texas_A&M", "Ole_Miss", "Iowa_State", "Marquette", "Michigan_State",
            "Florida", "Connecticut", "Memphis", "Maryland", "Missouri", "Texas_Tech", "Kansas", "St._John's",
            "Duke", "Mississippi_State", "Oregon", "Arizona", "BYU", "Wisconsin", "Saint_Mary's", "Alabama",
            "Houston", "Gonzaga", "Clemson", "Purdue", "Illinois", "Kentucky", "UCLA", "Tennessee"
            ],
    "sixteen": ["Auburn", "Texas_A&M", "Ole_Miss", "Michigan_State",
                "Florida", "Maryland", "Texas_Tech", "St._John's",
                "Duke", "Arizona", "Wisconsin", "Alabama",
                "Houston", "Purdue", "Kentucky", "Tennessee"],
    "eight": ["Auburn", "Michigan_State", "Florida", "St._John's", "Duke", "Alabama", "Houston", "Tennessee"],
    "four": ["Auburn", "Florida", "Duke", "Tennessee"],
    "championship": ["Florida", "Tennessee"],
    "winner": ["Florida"]
}